{"bottom_left": [30.398563, -96.585199],
 "top_right":  [30.719341, -96.101030],
 "fixed_points": [[30.5904136, -96.3650997], [30.4359006,-96.4107177]],
 "range": 20.0}
